Word,Cost,Clicks,Impressions,Conversions,Top Containing Queries
geek,"₹141,799.48",214,"2,341",0.00,"(geek squad, best buy geek squad, geek squad best buy)"
squad,"₹144,461.19",216,"2,337",0.00,"(geek squad, best buy geek squad, geek squad best buy)"
buy,"₹15,299.72",23,168,0.00,"(best buy geek squad, geek squad best buy, best buy geek squad phone number)"
best,"₹14,908.53",22,168,0.00,"(best buy geek squad, geek squad best buy, best buy geek squad phone number)"
repair,"₹3,567.84",6,60,0.00,"(computer repair, laptop repair near me, best buy phone repair)"
computer,"₹1,804.71",3,38,0.00,"(computer repair, geek squad computer repair, computer geeks)"
the,"₹2,521.31",3,35,0.00,"(the geek squad, call the geek squad, what is the 1 800 number for geek squad)"
phone,₹646.86,2,29,0.00,"(best buy geek squad phone number, best buy phone repair, best buy insurance phone number)"
geeksquad,₹2.94,1,25,0.00,"(geeksquad, www geeksquad com, best buy geeksquad)"
number,₹241.65,1,21,0.00,"(best buy geek squad phone number, best buy geek squad telephone number, best buy insurance phone number)"
appointment,₹432.22,2,21,0.00,"(best buy geek squad appointment, geek squad appointment, best buy geek squad appointment times)"
near me,₹247.46,1,19,0.00,"(laptop repair near me, geek squad near me, computer repair near me)"
tech,₹267.17,1,19,0.00,"(best buy tech support, tech support, best buy total tech)"
support,₹267.17,1,15,0.00,"(best buy tech support, tech support, best buy geek squad support)"
laptop,"₹1,357.92",2,13,0.00,"(laptop repair near me, best buy geek squad laptop repair, laptop computer repair near me)"
call,₹956.11,1,9,0.00,"(call the geek squad, call best buy total tech support, call geek squad)"
total tech,₹0.00,0,6,0.00,"(best buy total tech, best buy total tech support, best buy total tech support telephone number)"
com,₹0.00,0,5,0.00,"(www geeksquad com, allstate protection plan com, geek squad com)"
service,₹0.00,0,4,0.00,"(best buy customer service, best buy expert service, best buy geek squad customer service)"
fix,₹0.00,0,3,0.00,"(you break i fix austin, pc fix)"
geeks,₹0.00,0,3,0.00,"(computer geeks, geeks support)"
care,₹0.00,0,3,0.00,"(geek tech care llc, geek care)"
computer repairs,₹0.00,0,3,0.00,"(computer repairs, best computer repairs)"
protection plan,₹0.00,0,3,0.00,"(allstate protection plan com, geek squad protection plan, squaretrade protection plan)"
center,₹170.55,1,3,0.00,"(best buy mobile electronics installation center, computer repair center, ipad repair center near me)"
home,₹0.00,0,3,0.00,"(asurion home plus, best buy geek squad in home service, geek squad home visit cost)"
screen repair,₹0.00,0,3,0.00,"(cell phone cracked screen repair, screen repair, screen repair shops)"
squad flint,₹0.00,0,2,0.00,"(best buy geek squad flint mi, geek squad flint)"
you,₹0.00,0,2,0.00,(you break i fix austin)
appointments,₹646.23,1,2,0.00,(best buy geek squad appointments)
bestbuy,₹0.00,0,2,0.00,"(bestbuy geek swuad, bestbuy total tech)"
telephone number,₹0.00,0,2,0.00,"(best buy geek squad telephone number, best buy total tech support telephone number)"
asurion,₹0.00,0,2,0.00,"(asurion home plus, asurion verizon)"
austin,₹0.00,0,2,0.00,(you break i fix austin)
ca,₹0.00,0,2,0.00,"(geek squad auburn ca, geek squad redding ca)"
break,₹0.00,0,2,0.00,(you break i fix austin)
i,₹0.00,0,2,0.00,(you break i fix austin)
services,₹0.00,0,2,0.00,"(geek squad best buy services, geek squad computer services)"
customer service,₹0.00,0,2,0.00,"(best buy customer service, best buy geek squad customer service)"
www,₹0.00,0,2,0.00,(www geeksquad com)
geek swuad,₹0.00,0,2,0.00,"(bestbuy geek swuad, geek swuad best buy)"
squad springfield,"₹1,162.47",2,2,0.00,"(geek squad springfield missouri, geek squad springfield mo)"
canada,₹0.00,0,2,0.00,(geek squad canada)
lubbock,₹0.00,0,2,0.00,(geek squad lubbock)
fl,₹0.00,0,2,0.00,"(best buy geek squad bradenton fl, geek squad jacksonville fl)"
for,₹0.00,0,2,0.00,"(geek squad for phones, what is the 1 800 number for geek squad)"
apple,₹0.00,0,2,0.00,"(apple geek squad repair, best buy apple repair)"
greek,"₹1,049.22",1,2,0.00,(greek squad)
llc,₹0.00,0,2,0.00,(geek tech care llc)
expert,₹0.00,0,1,0.00,(best buy expert service)
electronics,₹0.00,0,1,0.00,(best buy mobile electronics installation center)
ithaca,₹0.00,0,1,0.00,(geek squad ithaca ny)
longmont,₹0.00,0,1,0.00,(geek squad longmont)
verizon,₹0.00,0,1,0.00,(asurion verizon)
springs,₹0.00,0,1,0.00,(best buy geek squad colorado springs)
county,₹0.00,0,1,0.00,(geek squad south county)
brooklyn,₹0.00,0,1,0.00,(computer repair brooklyn)
nerd,"₹1,612.48",1,1,0.00,(nerd squad)
lafayette,₹0.00,0,1,0.00,(geek squad lafayette)
il,₹468.28,1,1,0.00,(best buy geek squad champaign il)
in,₹0.00,0,1,0.00,(best buy geek squad in home service)
auburn,₹0.00,0,1,0.00,(geek squad auburn ca)
riverhead,₹0.00,0,1,0.00,(geek squad riverhead)
is,₹0.00,0,1,0.00,(what is the 1 800 number for geek squad)
al,₹880.59,1,1,0.00,(geek squad montgomery al)
an,₹0.00,0,1,0.00,(geek squad com chat with an agent)
1,₹0.00,0,1,0.00,(what is the 1 800 number for geek squad)
at,₹0.00,0,1,0.00,(geek squad at best buy)
omaha,₹0.00,0,1,0.00,(geek squad omaha)
columbia,"₹1,247.27",1,1,0.00,(geek squad columbia sc)
800,₹0.00,0,1,0.00,(what is the 1 800 number for geek squad)
boost,₹0.00,0,1,0.00,(boost shield)
shield,₹0.00,0,1,0.00,(boost shield)
topeka,₹0.00,0,1,0.00,(geek squad topeka)
boca,₹903.15,1,1,0.00,(best buy geek squad boca raton)
city,₹274.66,1,1,0.00,(geek squad culver city)
south,₹0.00,0,1,0.00,(geek squad south county)
illinois,₹460.05,1,1,0.00,(geek squad fairview heights illinois)
jacksonville,₹0.00,0,1,0.00,(geek squad jacksonville fl)
champaign,₹468.28,1,1,0.00,(best buy geek squad champaign il)
cell,₹0.00,0,1,0.00,(cell phone cracked screen repair)
local,₹0.00,0,1,0.00,(local computer repair)
sc,"₹1,247.27",1,1,0.00,(geek squad columbia sc)
squaretrade,₹0.00,0,1,0.00,(squaretrade protection plan)
covina,₹0.00,0,1,0.00,(geek squad west covina)
heek,₹0.00,0,1,0.00,(heek squad)
installation,₹0.00,0,1,0.00,(best buy mobile electronics installation center)
fairview,₹460.05,1,1,0.00,(geek squad fairview heights illinois)
get,₹0.00,0,1,0.00,(places to get phone fixed near me)
appt,₹0.00,0,1,0.00,(best buy geek squad appt)
stores,₹0.00,0,1,0.00,(phone repair stores)
onalaska,₹0.00,0,1,0.00,(geek squad onalaska)
bradenton,₹0.00,0,1,0.00,(best buy geek squad bradenton fl)
store,₹0.00,0,1,0.00,(phone repair store near me)
help,₹0.00,0,1,0.00,(computer help)
places,₹0.00,0,1,0.00,(places to get phone fixed near me)
help411,₹926.68,1,1,0.00,(help411)
chat,₹0.00,0,1,0.00,(geek squad com chat with an agent)
to,₹0.00,0,1,0.00,(places to get phone fixed near me)
charlottesville,₹0.00,0,1,0.00,(best buy geek squad charlottesville)
glen,₹0.00,0,1,0.00,(geek squad glen burnie)
totaltech,₹0.00,0,1,0.00,(totaltech best buy)
insurance,₹0.00,0,1,0.00,(best buy insurance phone number)
de,₹0.00,0,1,0.00,(geek squad dover de)
tv,₹0.00,0,1,0.00,(best buy tv repair)
agent,₹0.00,0,1,0.00,(geek squad com chat with an agent)
tx,₹0.00,0,1,0.00,(geek squad tyler tx)
salem,₹0.00,0,1,0.00,(geek squad winston salem)
est,₹391.19,1,1,0.00,(est buy geek squad)
dover,₹0.00,0,1,0.00,(geek squad dover de)
missouri,₹280.41,1,1,0.00,(geek squad springfield missouri)
belleville,₹0.00,0,1,0.00,(geek squad belleville)
contact,₹0.00,0,1,0.00,(best buy geek squad contact)
west,₹0.00,0,1,0.00,(geek squad west covina)
mi,₹0.00,0,1,0.00,(best buy geek squad flint mi)
redding,₹0.00,0,1,0.00,(geek squad redding ca)
mo,₹882.06,1,1,0.00,(geek squad springfield mo)
winston,₹0.00,0,1,0.00,(geek squad winston salem)
plus,₹0.00,0,1,0.00,(asurion home plus)
raton,₹903.15,1,1,0.00,(best buy geek squad boca raton)
nampa,₹940.69,1,1,0.00,(geek squad nampa)
squaf,₹0.00,0,1,0.00,(geek squaf)
montgomery,₹880.59,1,1,0.00,(geek squad montgomery al)
shops,₹0.00,0,1,0.00,(screen repair shops)
culver,₹274.66,1,1,0.00,(geek squad culver city)
fixed,₹0.00,0,1,0.00,(places to get phone fixed near me)
ipad,₹0.00,0,1,0.00,(ipad repair center near me)
fe,₹0.00,0,1,0.00,(geek squad santa fe)
mishawaka,₹0.00,0,1,0.00,(geek squad mishawaka)
shop,₹0.00,0,1,0.00,(computer repair shop)
phones,₹0.00,0,1,0.00,(geek squad for phones)
burnie,₹0.00,0,1,0.00,(geek squad glen burnie)
ny,₹0.00,0,1,0.00,(geek squad ithaca ny)
assistance,₹0.00,0,1,0.00,(geek squad assistance)
cracked,₹0.00,0,1,0.00,(cell phone cracked screen repair)
santa,₹0.00,0,1,0.00,(geek squad santa fe)
times,₹0.00,0,1,0.00,(best buy geek squad appointment times)
owasso,₹0.00,0,1,0.00,(best buy geek squad owasso)
allstate,₹0.00,0,1,0.00,(allstate protection plan com)
ga,₹0.00,0,1,0.00,(geek squad canton ga)
chattanooga,₹0.00,0,1,0.00,(geek squad chattanooga)
patrol,₹0.00,0,1,0.00,(geek patrol)
windsor,₹0.00,0,1,0.00,(geek squad windsor)
cost,₹0.00,0,1,0.00,(geek squad home visit cost)
madison,₹0.00,0,1,0.00,(best buy madison geek squad)
mobile,₹0.00,0,1,0.00,(best buy mobile electronics installation center)
colorado,₹0.00,0,1,0.00,(best buy geek squad colorado springs)
tyler,₹0.00,0,1,0.00,(geek squad tyler tx)
a1,₹0.00,0,1,0.00,(a1 computer repair)
with,₹0.00,0,1,0.00,(geek squad com chat with an agent)
schedule,₹0.00,0,1,0.00,(geek squad schedule)
phoenix,₹0.00,0,1,0.00,(best buy geek squad phoenix)
pc,₹0.00,0,1,0.00,(pc fix)
what,₹0.00,0,1,0.00,(what is the 1 800 number for geek squad)
fargo,₹0.00,0,1,0.00,(geek squad fargo)
appleton,₹0.00,0,1,0.00,(geek squad appleton)
heights,₹460.05,1,1,0.00,(geek squad fairview heights illinois)
canton,₹0.00,0,1,0.00,(geek squad canton ga)
nyc,₹0.00,0,1,0.00,(geek squad nyc)
visit,₹0.00,0,1,0.00,(geek squad home visit cost)
