Search,Cost,Clicks,Impressions,Conversions
geek squad,"₹119,252.88",181,"2,094",0.00
best buy geek squad,"₹5,182.30",9,63,0.00
geek squad best buy,"₹5,684.09",6,27,0.00
the geek squad,"₹1,565.20",2,27,0.00
geeksquad,₹2.94,1,22,0.00
computer repair,"₹1,634.16",2,18,0.00
best buy geek squad phone number,₹241.65,1,16,0.00
best buy geek squad appointment,₹0.00,0,11,0.00
laptop repair near me,₹247.46,1,10,0.00
geek squad appointment,₹432.22,2,8,0.00
call the geek squad,₹956.11,1,7,0.00
best buy phone repair,₹405.21,1,6,0.00
best buy tech support,₹267.17,1,6,0.00
geek squad computer repair,₹0.00,0,4,0.00
geek squad near me,₹0.00,0,4,0.00
tech support,₹0.00,0,4,0.00
best buy geek squad appointments,₹646.23,1,2,0.00
best buy total tech,₹0.00,0,2,0.00
computer geeks,₹0.00,0,2,0.00
computer repairs,₹0.00,0,2,0.00
geek squad canada,₹0.00,0,2,0.00
geek squad lubbock,₹0.00,0,2,0.00
geek tech care llc,₹0.00,0,2,0.00
greek squad,"₹1,049.22",1,2,0.00
www geeksquad com,₹0.00,0,2,0.00
you break i fix austin,₹0.00,0,2,0.00
a1 computer repair,₹0.00,0,1,0.00
allstate protection plan com,₹0.00,0,1,0.00
apple geek squad repair,₹0.00,0,1,0.00
asurion home plus,₹0.00,0,1,0.00
asurion verizon,₹0.00,0,1,0.00
best buy apple repair,₹0.00,0,1,0.00
best buy computer repair,₹0.00,0,1,0.00
best buy customer service,₹0.00,0,1,0.00
best buy expert service,₹0.00,0,1,0.00
best buy geek squad appointment times,₹0.00,0,1,0.00
best buy geek squad appt,₹0.00,0,1,0.00
best buy geek squad boca raton,₹903.15,1,1,0.00
best buy geek squad bradenton fl,₹0.00,0,1,0.00
best buy geek squad champaign il,₹468.28,1,1,0.00
best buy geek squad charlottesville,₹0.00,0,1,0.00
best buy geek squad colorado springs,₹0.00,0,1,0.00
best buy geek squad contact,₹0.00,0,1,0.00
best buy geek squad customer service,₹0.00,0,1,0.00
best buy geek squad flint mi,₹0.00,0,1,0.00
best buy geek squad in home service,₹0.00,0,1,0.00
best buy geek squad laptop repair,"₹1,110.46",1,1,0.00
best buy geek squad owasso,₹0.00,0,1,0.00
best buy geek squad phoenix,₹0.00,0,1,0.00
best buy geek squad support,₹0.00,0,1,0.00
best buy geek squad telephone number,₹0.00,0,1,0.00
best buy geeksquad,₹0.00,0,1,0.00
best buy insurance phone number,₹0.00,0,1,0.00
best buy madison geek squad,₹0.00,0,1,0.00
best buy mobile electronics installation center,₹0.00,0,1,0.00
best buy phone number,₹0.00,0,1,0.00
best buy total tech support,₹0.00,0,1,0.00
best buy total tech support telephone number,₹0.00,0,1,0.00
best buy tv repair,₹0.00,0,1,0.00
best computer repairs,₹0.00,0,1,0.00
bestbuy geek swuad,₹0.00,0,1,0.00
bestbuy total tech,₹0.00,0,1,0.00
boost shield,₹0.00,0,1,0.00
call best buy total tech support,₹0.00,0,1,0.00
call geek squad,₹0.00,0,1,0.00
cell phone cracked screen repair,₹0.00,0,1,0.00
computer help,₹0.00,0,1,0.00
computer repair brooklyn,₹0.00,0,1,0.00
computer repair center,₹170.55,1,1,0.00
computer repair near me,₹0.00,0,1,0.00
computer repair shop,₹0.00,0,1,0.00
est buy geek squad,₹391.19,1,1,0.00
geek care,₹0.00,0,1,0.00
geek computer repair,₹0.00,0,1,0.00
geek patrol,₹0.00,0,1,0.00
geek squad appleton,₹0.00,0,1,0.00
geek squad assistance,₹0.00,0,1,0.00
geek squad at best buy,₹0.00,0,1,0.00
geek squad auburn ca,₹0.00,0,1,0.00
geek squad belleville,₹0.00,0,1,0.00
geek squad best buy appointment,₹0.00,0,1,0.00
geek squad best buy services,₹0.00,0,1,0.00
geek squad canton ga,₹0.00,0,1,0.00
geek squad chattanooga,₹0.00,0,1,0.00
geek squad columbia sc,"₹1,247.27",1,1,0.00
geek squad com,₹0.00,0,1,0.00
geek squad com chat with an agent,₹0.00,0,1,0.00
geek squad computer services,₹0.00,0,1,0.00
geek squad culver city,₹274.66,1,1,0.00
geek squad dover de,₹0.00,0,1,0.00
geek squad fairview heights illinois,₹460.05,1,1,0.00
geek squad fargo,₹0.00,0,1,0.00
geek squad flint,₹0.00,0,1,0.00
geek squad for phones,₹0.00,0,1,0.00
geek squad glen burnie,₹0.00,0,1,0.00
geek squad home visit cost,₹0.00,0,1,0.00
geek squad ithaca ny,₹0.00,0,1,0.00
geek squad jacksonville fl,₹0.00,0,1,0.00
geek squad lafayette,₹0.00,0,1,0.00
geek squad longmont,₹0.00,0,1,0.00
geek squad mishawaka,₹0.00,0,1,0.00
geek squad montgomery al,₹880.59,1,1,0.00
geek squad nampa,₹940.69,1,1,0.00
geek squad nyc,₹0.00,0,1,0.00
geek squad omaha,₹0.00,0,1,0.00
geek squad onalaska,₹0.00,0,1,0.00
geek squad phone repair,₹0.00,0,1,0.00
geek squad protection plan,₹0.00,0,1,0.00
geek squad redding ca,₹0.00,0,1,0.00
geek squad riverhead,₹0.00,0,1,0.00
geek squad santa fe,₹0.00,0,1,0.00
geek squad schedule,₹0.00,0,1,0.00
geek squad south county,₹0.00,0,1,0.00
geek squad springfield missouri,₹280.41,1,1,0.00
geek squad springfield mo,₹882.06,1,1,0.00
geek squad topeka,₹0.00,0,1,0.00
geek squad tyler tx,₹0.00,0,1,0.00
geek squad west covina,₹0.00,0,1,0.00
geek squad windsor,₹0.00,0,1,0.00
geek squad winston salem,₹0.00,0,1,0.00
geek squaf,₹0.00,0,1,0.00
geek swuad best buy,₹0.00,0,1,0.00
geeks support,₹0.00,0,1,0.00
heek squad,₹0.00,0,1,0.00
help411,₹926.68,1,1,0.00
ipad repair center near me,₹0.00,0,1,0.00
laptop computer repair near me,₹0.00,0,1,0.00
laptop repair,₹0.00,0,1,0.00
local computer repair,₹0.00,0,1,0.00
nerd squad,"₹1,612.48",1,1,0.00
pc fix,₹0.00,0,1,0.00
phone repair store near me,₹0.00,0,1,0.00
phone repair stores,₹0.00,0,1,0.00
places to get phone fixed near me,₹0.00,0,1,0.00
screen repair,₹0.00,0,1,0.00
screen repair shops,₹0.00,0,1,0.00
squaretrade protection plan,₹0.00,0,1,0.00
tech repair,₹0.00,0,1,0.00
totaltech best buy,₹0.00,0,1,0.00
what is the 1 800 number for geek squad,₹0.00,0,1,0.00
